Order Id,Order Item Id,Customer Id,Product Card Id,Product Category Id,order date (DateOrders),shipping date (DateOrders),Sales,Order Item Discount,Order Item Total,Benefit per order,Order Item Product Price,Order Item Quantity,Days for shipping (real),Days for shipment (scheduled),Delivery Status,Order Status,Shipping Mode,Customer Segment,Order Country,Order Region,Market,Department Name,Category Name,Product Name,Synthetic Demo Marker
SYN-ORDER-01,SYN-ITEM-001,SYN-CUST-01,SYN-PROD-01,SYN-CAT-A,01-02-2021 10:00,01-07-2021 09:00,24.99,1.25,23.74,1.90,24.99,1,5,3,Shipped,COMPLETE,Standard Class,Consumer,SYN-Land,North,Atlas,SYN-DEPT-01,Synthetic Widgets,Syn Widget Alpha,SYNTHETIC - NOT REAL OPERATIONS
SYN-ORDER-01,SYN-ITEM-002,SYN-CUST-01,SYN-PROD-02,SYN-CAT-A,01-02-2021 10:00,01-07-2021 09:00,29.00,1.45,27.55,-1.38,14.50,2,5,3,Shipped,COMPLETE,Standard Class,Consumer,SYN-Land,North,Atlas,SYN-DEPT-01,Synthetic Widgets,Syn Widget Beta,SYNTHETIC - NOT REAL OPERATIONS
SYN-ORDER-01,SYN-ITEM-003,SYN-CUST-01,SYN-PROD-03,SYN-CAT-B,01-02-2021 10:00,01-07-2021 09:00,149.97,0.00,149.97,32.99,49.99,3,5,3,Shipped,COMPLETE,Standard Class,Consumer,SYN-Land,North,Atlas,SYN-DEPT-01,Synthetic Gadgets,Syn Gadget Alpha,SYNTHETIC - NOT REAL OPERATIONS
SYN-ORDER-02,SYN-ITEM-004,SYN-CUST-02,SYN-PROD-02,SYN-CAT-A,02-07-2021 10:00,02-08-2021 09:00,29.00,1.45,27.55,0.83,14.50,2,1,3,Shipped,COMPLETE,Second Class,Corporate,SYN-Land,South,Beacon,SYN-DEPT-01,Synthetic Widgets,Syn Widget Beta,SYNTHETIC - NOT REAL OPERATIONS
SYN-ORDER-02,SYN-ITEM-005,SYN-CUST-02,SYN-PROD-03,SYN-CAT-B,02-07-2021 10:00,02-08-2021 09:00,149.97,7.50,142.47,-17.10,49.99,3,1,3,Shipped,COMPLETE,Second Class,Corporate,SYN-Land,South,Beacon,SYN-DEPT-01,Synthetic Gadgets,Syn Gadget Alpha,SYNTHETIC - NOT REAL OPERATIONS
SYN-ORDER-02,SYN-ITEM-006,SYN-CUST-02,SYN-PROD-04,SYN-CAT-B,02-07-2021 10:00,02-08-2021 09:00,39.96,0.00,39.96,5.99,9.99,4,1,3,Shipped,COMPLETE,Second Class,Corporate,SYN-Land,South,Beacon,SYN-DEPT-01,Synthetic Gadgets,Syn Gadget Beta,SYNTHETIC - NOT REAL OPERATIONS
SYN-ORDER-03,SYN-ITEM-007,SYN-CUST-03,SYN-PROD-03,SYN-CAT-B,03-12-2021 10:00,03-16-2021 09:00,149.97,7.50,142.47,11.40,49.99,3,4,4,Shipped,COMPLETE,First Class,Home Office,SYN-Land,East,Atlas,SYN-DEPT-01,Synthetic Gadgets,Syn Gadget Alpha,SYNTHETIC - NOT REAL OPERATIONS
SYN-ORDER-03,SYN-ITEM-008,SYN-CUST-03,SYN-PROD-04,SYN-CAT-B,03-12-2021 10:00,03-16-2021 09:00,39.96,2.00,37.96,-1.90,9.99,4,4,4,Shipped,COMPLETE,First Class,Home Office,SYN-Land,East,Atlas,SYN-DEPT-01,Synthetic Gadgets,Syn Gadget Beta,SYNTHETIC - NOT REAL OPERATIONS
SYN-ORDER-04,SYN-ITEM-009,SYN-CUST-04,SYN-PROD-04,SYN-CAT-B,04-17-2021 10:00,04-22-2021 09:00,39.96,0.00,39.96,8.79,9.99,4,5,3,Shipped,COMPLETE,Same Day,Consumer,SYN-Land,North,Beacon,SYN-DEPT-01,Synthetic Gadgets,Syn Gadget Beta,SYNTHETIC - NOT REAL OPERATIONS
SYN-ORDER-04,SYN-ITEM-010,SYN-CUST-04,SYN-PROD-05,SYN-CAT-C,04-17-2021 10:00,04-22-2021 09:00,34.00,1.70,32.30,0.97,34.00,1,5,3,Shipped,COMPLETE,Same Day,Consumer,SYN-Land,North,Beacon,SYN-DEPT-02,Synthetic Tools,Syn Tool Alpha,SYNTHETIC - NOT REAL OPERATIONS
SYN-ORDER-04,SYN-ITEM-011,SYN-CUST-04,SYN-PROD-06,SYN-CAT-C,04-17-2021 10:00,04-22-2021 09:00,39.90,2.00,37.90,-4.55,19.95,2,5,3,Shipped,COMPLETE,Same Day,Consumer,SYN-Land,North,Beacon,SYN-DEPT-02,Synthetic Tools,Syn Tool Beta,SYNTHETIC - NOT REAL OPERATIONS
SYN-ORDER-05,SYN-ITEM-012,SYN-CUST-05,SYN-PROD-05,SYN-CAT-C,05-22-2021 10:00,05-23-2021 09:00,34.00,0.00,34.00,5.10,34.00,1,1,3,Shipped,COMPLETE,Standard Class,Corporate,SYN-Land,South,Atlas,SYN-DEPT-02,Synthetic Tools,Syn Tool Alpha,SYNTHETIC - NOT REAL OPERATIONS
SYN-ORDER-05,SYN-ITEM-013,SYN-CUST-05,SYN-PROD-06,SYN-CAT-C,05-22-2021 10:00,05-23-2021 09:00,39.90,2.00,37.90,3.03,19.95,2,1,3,Shipped,COMPLETE,Standard Class,Corporate,SYN-Land,South,Atlas,SYN-DEPT-02,Synthetic Tools,Syn Tool Beta,SYNTHETIC - NOT REAL OPERATIONS
SYN-ORDER-06,SYN-ITEM-014,SYN-CUST-06,SYN-PROD-06,SYN-CAT-C,06-02-2021 10:00,06-09-2021 09:00,39.90,2.00,37.90,-1.90,19.95,2,7,4,Shipped,COMPLETE,Second Class,Home Office,SYN-Land,East,Beacon,SYN-DEPT-02,Synthetic Tools,Syn Tool Beta,SYNTHETIC - NOT REAL OPERATIONS
SYN-ORDER-06,SYN-ITEM-015,SYN-CUST-06,SYN-PROD-07,SYN-CAT-A,06-02-2021 10:00,06-09-2021 09:00,178.50,0.00,178.50,39.27,59.50,3,7,4,Shipped,COMPLETE,Second Class,Home Office,SYN-Land,East,Beacon,SYN-DEPT-02,Synthetic Widgets,Syn Widget Gamma,SYNTHETIC - NOT REAL OPERATIONS
SYN-ORDER-06,SYN-ITEM-016,SYN-CUST-06,SYN-PROD-08,SYN-CAT-C,06-02-2021 10:00,06-09-2021 09:00,51.00,2.55,48.45,1.45,12.75,4,7,4,Shipped,COMPLETE,Second Class,Home Office,SYN-Land,East,Beacon,SYN-DEPT-02,Synthetic Tools,Syn Tool Gamma,SYNTHETIC - NOT REAL OPERATIONS
SYN-ORDER-07,SYN-ITEM-017,SYN-CUST-07,SYN-PROD-07,SYN-CAT-A,01-07-2021 10:00,01-09-2021 09:00,178.50,8.93,169.57,-20.35,59.50,3,2,4,Shipped,COMPLETE,First Class,Consumer,SYN-Land,North,Atlas,SYN-DEPT-02,Synthetic Widgets,Syn Widget Gamma,SYNTHETIC - NOT REAL OPERATIONS
SYN-ORDER-07,SYN-ITEM-018,SYN-CUST-07,SYN-PROD-08,SYN-CAT-C,01-07-2021 10:00,01-09-2021 09:00,51.00,0.00,51.00,7.65,12.75,4,2,4,Shipped,COMPLETE,First Class,Consumer,SYN-Land,North,Atlas,SYN-DEPT-02,Synthetic Tools,Syn Tool Gamma,SYNTHETIC - NOT REAL OPERATIONS
SYN-ORDER-08,SYN-ITEM-019,SYN-CUST-08,SYN-PROD-08,SYN-CAT-C,02-12-2021 10:00,02-14-2021 09:00,51.00,2.55,48.45,3.88,12.75,4,2,2,Shipped,COMPLETE,Same Day,Corporate,SYN-Land,South,Beacon,SYN-DEPT-02,Synthetic Tools,Syn Tool Gamma,SYNTHETIC - NOT REAL OPERATIONS
SYN-ORDER-08,SYN-ITEM-020,SYN-CUST-08,SYN-PROD-01,SYN-CAT-A,02-12-2021 10:00,02-14-2021 09:00,24.99,1.25,23.74,-1.19,24.99,1,2,2,Shipped,COMPLETE,Same Day,Corporate,SYN-Land,South,Beacon,SYN-DEPT-01,Synthetic Widgets,Syn Widget Alpha,SYNTHETIC - NOT REAL OPERATIONS
SYN-ORDER-08,SYN-ITEM-021,SYN-CUST-08,SYN-PROD-02,SYN-CAT-A,02-12-2021 10:00,02-14-2021 09:00,29.00,0.00,29.00,6.38,14.50,2,2,2,Shipped,COMPLETE,Same Day,Corporate,SYN-Land,South,Beacon,SYN-DEPT-01,Synthetic Widgets,Syn Widget Beta,SYNTHETIC - NOT REAL OPERATIONS
SYN-ORDER-08,SYN-ITEM-022,SYN-CUST-08,SYN-PROD-03,SYN-CAT-B,02-12-2021 10:00,02-14-2021 09:00,149.97,7.50,142.47,4.27,49.99,3,2,2,Shipped,COMPLETE,Same Day,Corporate,SYN-Land,South,Beacon,SYN-DEPT-01,Synthetic Gadgets,Syn Gadget Alpha,SYNTHETIC - NOT REAL OPERATIONS
SYN-ORDER-09,SYN-ITEM-023,SYN-CUST-09,SYN-PROD-01,SYN-CAT-A,03-17-2021 10:00,03-24-2021 09:00,24.99,1.25,23.74,-2.85,24.99,1,7,4,Shipped,COMPLETE,Standard Class,Home Office,SYN-Land,East,Atlas,SYN-DEPT-01,Synthetic Widgets,Syn Widget Alpha,SYNTHETIC - NOT REAL OPERATIONS
SYN-ORDER-09,SYN-ITEM-024,SYN-CUST-09,SYN-PROD-02,SYN-CAT-A,03-17-2021 10:00,03-24-2021 09:00,29.00,0.00,29.00,4.35,14.50,2,7,4,Shipped,COMPLETE,Standard Class,Home Office,SYN-Land,East,Atlas,SYN-DEPT-01,Synthetic Widgets,Syn Widget Beta,SYNTHETIC - NOT REAL OPERATIONS
SYN-ORDER-10,SYN-ITEM-025,SYN-CUST-10,SYN-PROD-02,SYN-CAT-A,04-22-2021 10:00,04-24-2021 09:00,29.00,1.45,27.55,2.20,14.50,2,2,4,Shipped,COMPLETE,Second Class,Consumer,SYN-Land,North,Beacon,SYN-DEPT-01,Synthetic Widgets,Syn Widget Beta,SYNTHETIC - NOT REAL OPERATIONS
SYN-ORDER-10,SYN-ITEM-026,SYN-CUST-10,SYN-PROD-03,SYN-CAT-B,04-22-2021 10:00,04-24-2021 09:00,149.97,7.50,142.47,-7.12,49.99,3,2,4,Shipped,COMPLETE,Second Class,Consumer,SYN-Land,North,Beacon,SYN-DEPT-01,Synthetic Gadgets,Syn Gadget Alpha,SYNTHETIC - NOT REAL OPERATIONS
SYN-ORDER-10,SYN-ITEM-027,SYN-CUST-10,SYN-PROD-04,SYN-CAT-B,04-22-2021 10:00,04-24-2021 09:00,39.96,0.00,39.96,8.79,9.99,4,2,4,Shipped,COMPLETE,Second Class,Consumer,SYN-Land,North,Beacon,SYN-DEPT-01,Synthetic Gadgets,Syn Gadget Beta,SYNTHETIC - NOT REAL OPERATIONS
SYN-ORDER-11,SYN-ITEM-028,SYN-CUST-11,SYN-PROD-03,SYN-CAT-B,05-02-2021 10:00,05-06-2021 09:00,149.97,7.50,142.47,4.27,49.99,3,4,2,Shipped,COMPLETE,First Class,Corporate,SYN-Land,South,Atlas,SYN-DEPT-01,Synthetic Gadgets,Syn Gadget Alpha,SYNTHETIC - NOT REAL OPERATIONS
SYN-ORDER-11,SYN-ITEM-029,SYN-CUST-11,SYN-PROD-04,SYN-CAT-B,05-02-2021 10:00,05-06-2021 09:00,39.96,2.00,37.96,-4.56,9.99,4,4,2,Shipped,COMPLETE,First Class,Corporate,SYN-Land,South,Atlas,SYN-DEPT-01,Synthetic Gadgets,Syn Gadget Beta,SYNTHETIC - NOT REAL OPERATIONS
SYN-ORDER-12,SYN-ITEM-030,SYN-CUST-12,SYN-PROD-04,SYN-CAT-B,06-07-2021 10:00,06-07-2021 10:00,39.96,0.00,39.96,5.99,9.99,4,0,2,Shipped,COMPLETE,Same Day,Home Office,SYN-Land,East,Beacon,SYN-DEPT-01,Synthetic Gadgets,Syn Gadget Beta,SYNTHETIC - NOT REAL OPERATIONS
SYN-ORDER-12,SYN-ITEM-031,SYN-CUST-12,SYN-PROD-05,SYN-CAT-C,06-07-2021 10:00,06-07-2021 10:00,34.00,1.70,32.30,2.58,34.00,1,0,2,Shipped,COMPLETE,Same Day,Home Office,SYN-Land,East,Beacon,SYN-DEPT-02,Synthetic Tools,Syn Tool Alpha,SYNTHETIC - NOT REAL OPERATIONS
SYN-ORDER-12,SYN-ITEM-032,SYN-CUST-12,SYN-PROD-06,SYN-CAT-C,06-07-2021 10:00,06-07-2021 10:00,39.90,2.00,37.90,-1.90,19.95,2,0,2,Shipped,COMPLETE,Same Day,Home Office,SYN-Land,East,Beacon,SYN-DEPT-02,Synthetic Tools,Syn Tool Beta,SYNTHETIC - NOT REAL OPERATIONS
SYN-ORDER-13,SYN-ITEM-033,SYN-CUST-13,SYN-PROD-05,SYN-CAT-C,01-12-2021 10:00,01-15-2021 09:00,34.00,0.00,34.00,7.48,34.00,1,3,3,Shipped,COMPLETE,Standard Class,Consumer,SYN-Land,North,Atlas,SYN-DEPT-02,Synthetic Tools,Syn Tool Alpha,SYNTHETIC - NOT REAL OPERATIONS
SYN-ORDER-13,SYN-ITEM-034,SYN-CUST-13,SYN-PROD-06,SYN-CAT-C,01-12-2021 10:00,01-15-2021 09:00,39.90,2.00,37.90,1.14,19.95,2,3,3,Shipped,COMPLETE,Standard Class,Consumer,SYN-Land,North,Atlas,SYN-DEPT-02,Synthetic Tools,Syn Tool Beta,SYNTHETIC - NOT REAL OPERATIONS
SYN-ORDER-14,SYN-ITEM-035,SYN-CUST-14,SYN-PROD-06,SYN-CAT-C,02-17-2021 10:00,02-21-2021 09:00,39.90,2.00,37.90,-4.55,19.95,2,4,2,Shipped,COMPLETE,Second Class,Corporate,SYN-Land,South,Beacon,SYN-DEPT-02,Synthetic Tools,Syn Tool Beta,SYNTHETIC - NOT REAL OPERATIONS
SYN-ORDER-14,SYN-ITEM-036,SYN-CUST-14,SYN-PROD-07,SYN-CAT-A,02-17-2021 10:00,02-21-2021 09:00,178.50,0.00,178.50,26.77,59.50,3,4,2,Shipped,COMPLETE,Second Class,Corporate,SYN-Land,South,Beacon,SYN-DEPT-02,Synthetic Widgets,Syn Widget Gamma,SYNTHETIC - NOT REAL OPERATIONS
SYN-ORDER-14,SYN-ITEM-037,SYN-CUST-14,SYN-PROD-08,SYN-CAT-C,02-17-2021 10:00,02-21-2021 09:00,51.00,2.55,48.45,3.88,12.75,4,4,2,Shipped,COMPLETE,Second Class,Corporate,SYN-Land,South,Beacon,SYN-DEPT-02,Synthetic Tools,Syn Tool Gamma,SYNTHETIC - NOT REAL OPERATIONS
SYN-ORDER-15,SYN-ITEM-038,SYN-CUST-15,SYN-PROD-07,SYN-CAT-A,03-22-2021 10:00,03-22-2021 10:00,178.50,8.93,169.57,-8.48,59.50,3,0,2,Shipped,COMPLETE,First Class,Home Office,SYN-Land,East,Atlas,SYN-DEPT-02,Synthetic Widgets,Syn Widget Gamma,SYNTHETIC - NOT REAL OPERATIONS
SYN-ORDER-15,SYN-ITEM-039,SYN-CUST-15,SYN-PROD-08,SYN-CAT-C,03-22-2021 10:00,03-22-2021 10:00,51.00,0.00,51.00,11.22,12.75,4,0,2,Shipped,COMPLETE,First Class,Home Office,SYN-Land,East,Atlas,SYN-DEPT-02,Synthetic Tools,Syn Tool Gamma,SYNTHETIC - NOT REAL OPERATIONS
SYN-ORDER-15,SYN-ITEM-040,SYN-CUST-15,SYN-PROD-01,SYN-CAT-A,03-22-2021 10:00,03-22-2021 10:00,24.99,1.25,23.74,0.71,24.99,1,0,2,Shipped,COMPLETE,First Class,Home Office,SYN-Land,East,Atlas,SYN-DEPT-01,Synthetic Widgets,Syn Widget Alpha,SYNTHETIC - NOT REAL OPERATIONS
SYN-ORDER-16,SYN-ITEM-041,SYN-CUST-16,SYN-PROD-08,SYN-CAT-C,04-02-2021 10:00,04-07-2021 09:00,51.00,2.55,48.45,-5.81,12.75,4,5,3,Shipped,COMPLETE,Same Day,Consumer,SYN-Land,North,Beacon,SYN-DEPT-02,Synthetic Tools,Syn Tool Gamma,SYNTHETIC - NOT REAL OPERATIONS
SYN-ORDER-16,SYN-ITEM-042,SYN-CUST-16,SYN-PROD-01,SYN-CAT-A,04-02-2021 10:00,04-07-2021 09:00,24.99,0.00,24.99,3.75,24.99,1,5,3,Shipped,COMPLETE,Same Day,Consumer,SYN-Land,North,Beacon,SYN-DEPT-01,Synthetic Widgets,Syn Widget Alpha,SYNTHETIC - NOT REAL OPERATIONS
SYN-ORDER-16,SYN-ITEM-043,SYN-CUST-16,SYN-PROD-02,SYN-CAT-A,04-02-2021 10:00,04-07-2021 09:00,29.00,1.45,27.55,2.20,14.50,2,5,3,Shipped,COMPLETE,Same Day,Consumer,SYN-Land,North,Beacon,SYN-DEPT-01,Synthetic Widgets,Syn Widget Beta,SYNTHETIC - NOT REAL OPERATIONS
SYN-ORDER-17,SYN-ITEM-044,SYN-CUST-01,SYN-PROD-01,SYN-CAT-A,05-07-2021 10:00,05-08-2021 09:00,24.99,1.25,23.74,-1.19,24.99,1,1,3,Shipped,COMPLETE,Standard Class,Consumer,SYN-Land,South,Atlas,SYN-DEPT-01,Synthetic Widgets,Syn Widget Alpha,SYNTHETIC - NOT REAL OPERATIONS
SYN-ORDER-17,SYN-ITEM-045,SYN-CUST-01,SYN-PROD-02,SYN-CAT-A,05-07-2021 10:00,05-08-2021 09:00,29.00,0.00,29.00,6.38,14.50,2,1,3,Shipped,COMPLETE,Standard Class,Consumer,SYN-Land,South,Atlas,SYN-DEPT-01,Synthetic Widgets,Syn Widget Beta,SYNTHETIC - NOT REAL OPERATIONS
SYN-ORDER-18,SYN-ITEM-046,SYN-CUST-02,SYN-PROD-02,SYN-CAT-A,06-12-2021 10:00,06-16-2021 09:00,29.00,1.45,27.55,0.83,14.50,2,4,4,Shipped,COMPLETE,Second Class,Corporate,SYN-Land,East,Beacon,SYN-DEPT-01,Synthetic Widgets,Syn Widget Beta,SYNTHETIC - NOT REAL OPERATIONS
SYN-ORDER-18,SYN-ITEM-047,SYN-CUST-02,SYN-PROD-03,SYN-CAT-B,06-12-2021 10:00,06-16-2021 09:00,149.97,7.50,142.47,-17.10,49.99,3,4,4,Shipped,COMPLETE,Second Class,Corporate,SYN-Land,East,Beacon,SYN-DEPT-01,Synthetic Gadgets,Syn Gadget Alpha,SYNTHETIC - NOT REAL OPERATIONS
SYN-ORDER-18,SYN-ITEM-048,SYN-CUST-02,SYN-PROD-04,SYN-CAT-B,06-12-2021 10:00,06-16-2021 09:00,39.96,0.00,39.96,5.99,9.99,4,4,4,Shipped,COMPLETE,Second Class,Corporate,SYN-Land,East,Beacon,SYN-DEPT-01,Synthetic Gadgets,Syn Gadget Beta,SYNTHETIC - NOT REAL OPERATIONS
SYN-ORDER-19,SYN-ITEM-049,SYN-CUST-03,SYN-PROD-03,SYN-CAT-B,01-17-2021 10:00,01-22-2021 09:00,149.97,7.50,142.47,11.40,49.99,3,5,3,Shipped,COMPLETE,First Class,Home Office,SYN-Land,North,Atlas,SYN-DEPT-01,Synthetic Gadgets,Syn Gadget Alpha,SYNTHETIC - NOT REAL OPERATIONS
SYN-ORDER-19,SYN-ITEM-050,SYN-CUST-03,SYN-PROD-04,SYN-CAT-B,01-17-2021 10:00,01-22-2021 09:00,39.96,2.00,37.96,-1.90,9.99,4,5,3,Shipped,COMPLETE,First Class,Home Office,SYN-Land,North,Atlas,SYN-DEPT-01,Synthetic Gadgets,Syn Gadget Beta,SYNTHETIC - NOT REAL OPERATIONS
SYN-ORDER-20,SYN-ITEM-051,SYN-CUST-04,SYN-PROD-04,SYN-CAT-B,02-22-2021 10:00,02-23-2021 09:00,39.96,0.00,39.96,8.79,9.99,4,1,3,Shipped,COMPLETE,Same Day,Consumer,SYN-Land,South,Beacon,SYN-DEPT-01,Synthetic Gadgets,Syn Gadget Beta,SYNTHETIC - NOT REAL OPERATIONS
SYN-ORDER-20,SYN-ITEM-052,SYN-CUST-04,SYN-PROD-05,SYN-CAT-C,02-22-2021 10:00,02-23-2021 09:00,34.00,1.70,32.30,0.97,34.00,1,1,3,Shipped,COMPLETE,Same Day,Consumer,SYN-Land,South,Beacon,SYN-DEPT-02,Synthetic Tools,Syn Tool Alpha,SYNTHETIC - NOT REAL OPERATIONS
SYN-ORDER-20,SYN-ITEM-053,SYN-CUST-04,SYN-PROD-06,SYN-CAT-C,02-22-2021 10:00,02-23-2021 09:00,39.90,2.00,37.90,-4.55,19.95,2,1,3,Shipped,COMPLETE,Same Day,Consumer,SYN-Land,South,Beacon,SYN-DEPT-02,Synthetic Tools,Syn Tool Beta,SYNTHETIC - NOT REAL OPERATIONS
SYN-ORDER-21,SYN-ITEM-054,SYN-CUST-05,SYN-PROD-05,SYN-CAT-C,03-02-2021 10:00,03-09-2021 09:00,34.00,0.00,34.00,5.10,34.00,1,7,4,Shipped,COMPLETE,Standard Class,Corporate,SYN-Land,East,Atlas,SYN-DEPT-02,Synthetic Tools,Syn Tool Alpha,SYNTHETIC - NOT REAL OPERATIONS
SYN-ORDER-21,SYN-ITEM-055,SYN-CUST-05,SYN-PROD-06,SYN-CAT-C,03-02-2021 10:00,03-09-2021 09:00,39.90,2.00,37.90,3.03,19.95,2,7,4,Shipped,COMPLETE,Standard Class,Corporate,SYN-Land,East,Atlas,SYN-DEPT-02,Synthetic Tools,Syn Tool Beta,SYNTHETIC - NOT REAL OPERATIONS
SYN-ORDER-22,SYN-ITEM-056,SYN-CUST-06,SYN-PROD-06,SYN-CAT-C,04-07-2021 10:00,04-09-2021 09:00,39.90,2.00,37.90,-1.90,19.95,2,2,4,Shipped,COMPLETE,Second Class,Home Office,SYN-Land,North,Beacon,SYN-DEPT-02,Synthetic Tools,Syn Tool Beta,SYNTHETIC - NOT REAL OPERATIONS
SYN-ORDER-22,SYN-ITEM-057,SYN-CUST-06,SYN-PROD-07,SYN-CAT-A,04-07-2021 10:00,04-09-2021 09:00,178.50,0.00,178.50,39.27,59.50,3,2,4,Shipped,COMPLETE,Second Class,Home Office,SYN-Land,North,Beacon,SYN-DEPT-02,Synthetic Widgets,Syn Widget Gamma,SYNTHETIC - NOT REAL OPERATIONS
SYN-ORDER-22,SYN-ITEM-058,SYN-CUST-06,SYN-PROD-08,SYN-CAT-C,04-07-2021 10:00,04-09-2021 09:00,51.00,2.55,48.45,1.45,12.75,4,2,4,Shipped,COMPLETE,Second Class,Home Office,SYN-Land,North,Beacon,SYN-DEPT-02,Synthetic Tools,Syn Tool Gamma,SYNTHETIC - NOT REAL OPERATIONS
SYN-ORDER-22,SYN-ITEM-059,SYN-CUST-06,SYN-PROD-01,SYN-CAT-A,04-07-2021 10:00,04-09-2021 09:00,24.99,1.25,23.74,-2.85,24.99,1,2,4,Shipped,COMPLETE,Second Class,Home Office,SYN-Land,North,Beacon,SYN-DEPT-01,Synthetic Widgets,Syn Widget Alpha,SYNTHETIC - NOT REAL OPERATIONS
SYN-ORDER-23,SYN-ITEM-060,SYN-CUST-07,SYN-PROD-07,SYN-CAT-A,05-12-2021 10:00,05-14-2021 09:00,178.50,0.00,178.50,26.77,59.50,3,2,2,Shipped,COMPLETE,First Class,Consumer,SYN-Land,South,Atlas,SYN-DEPT-02,Synthetic Widgets,Syn Widget Gamma,SYNTHETIC - NOT REAL OPERATIONS
SYN-ORDER-23,SYN-ITEM-061,SYN-CUST-07,SYN-PROD-08,SYN-CAT-C,05-12-2021 10:00,05-14-2021 09:00,51.00,2.55,48.45,3.88,12.75,4,2,2,Shipped,COMPLETE,First Class,Consumer,SYN-Land,South,Atlas,SYN-DEPT-02,Synthetic Tools,Syn Tool Gamma,SYNTHETIC - NOT REAL OPERATIONS
SYN-ORDER-24,SYN-ITEM-062,SYN-CUST-08,SYN-PROD-08,SYN-CAT-C,06-17-2021 10:00,06-24-2021 09:00,51.00,2.55,48.45,-2.42,12.75,4,7,4,Shipped,COMPLETE,Same Day,Corporate,SYN-Land,East,Beacon,SYN-DEPT-02,Synthetic Tools,Syn Tool Gamma,SYNTHETIC - NOT REAL OPERATIONS
SYN-ORDER-24,SYN-ITEM-063,SYN-CUST-08,SYN-PROD-01,SYN-CAT-A,06-17-2021 10:00,06-24-2021 09:00,24.99,0.00,24.99,5.50,24.99,1,7,4,Shipped,COMPLETE,Same Day,Corporate,SYN-Land,East,Beacon,SYN-DEPT-01,Synthetic Widgets,Syn Widget Alpha,SYNTHETIC - NOT REAL OPERATIONS
SYN-ORDER-24,SYN-ITEM-064,SYN-CUST-08,SYN-PROD-02,SYN-CAT-A,06-17-2021 10:00,06-24-2021 09:00,29.00,1.45,27.55,0.83,14.50,2,7,4,Shipped,COMPLETE,Same Day,Corporate,SYN-Land,East,Beacon,SYN-DEPT-01,Synthetic Widgets,Syn Widget Beta,SYNTHETIC - NOT REAL OPERATIONS
SYN-ORDER-25,SYN-ITEM-065,SYN-CUST-09,SYN-PROD-01,SYN-CAT-A,01-22-2021 10:00,01-24-2021 09:00,24.99,1.25,23.74,-2.85,24.99,1,2,4,Shipped,COMPLETE,Standard Class,Home Office,SYN-Land,North,Atlas,SYN-DEPT-01,Synthetic Widgets,Syn Widget Alpha,SYNTHETIC - NOT REAL OPERATIONS
SYN-ORDER-25,SYN-ITEM-066,SYN-CUST-09,SYN-PROD-02,SYN-CAT-A,01-22-2021 10:00,01-24-2021 09:00,29.00,0.00,29.00,4.35,14.50,2,2,4,Shipped,COMPLETE,Standard Class,Home Office,SYN-Land,North,Atlas,SYN-DEPT-01,Synthetic Widgets,Syn Widget Beta,SYNTHETIC - NOT REAL OPERATIONS
SYN-ORDER-26,SYN-ITEM-067,SYN-CUST-10,SYN-PROD-02,SYN-CAT-A,02-02-2021 10:00,02-06-2021 09:00,29.00,1.45,27.55,2.20,14.50,2,4,2,Shipped,COMPLETE,Second Class,Consumer,SYN-Land,South,Beacon,SYN-DEPT-01,Synthetic Widgets,Syn Widget Beta,SYNTHETIC - NOT REAL OPERATIONS
SYN-ORDER-26,SYN-ITEM-068,SYN-CUST-10,SYN-PROD-03,SYN-CAT-B,02-02-2021 10:00,02-06-2021 09:00,149.97,7.50,142.47,-7.12,49.99,3,4,2,Shipped,COMPLETE,Second Class,Consumer,SYN-Land,South,Beacon,SYN-DEPT-01,Synthetic Gadgets,Syn Gadget Alpha,SYNTHETIC - NOT REAL OPERATIONS
SYN-ORDER-26,SYN-ITEM-069,SYN-CUST-10,SYN-PROD-04,SYN-CAT-B,02-02-2021 10:00,02-06-2021 09:00,39.96,0.00,39.96,8.79,9.99,4,4,2,Shipped,COMPLETE,Second Class,Consumer,SYN-Land,South,Beacon,SYN-DEPT-01,Synthetic Gadgets,Syn Gadget Beta,SYNTHETIC - NOT REAL OPERATIONS
SYN-ORDER-27,SYN-ITEM-070,SYN-CUST-11,SYN-PROD-03,SYN-CAT-B,03-07-2021 10:00,03-07-2021 10:00,149.97,7.50,142.47,4.27,49.99,3,0,2,Shipped,COMPLETE,First Class,Corporate,SYN-Land,East,Atlas,SYN-DEPT-01,Synthetic Gadgets,Syn Gadget Alpha,SYNTHETIC - NOT REAL OPERATIONS
SYN-ORDER-27,SYN-ITEM-071,SYN-CUST-11,SYN-PROD-04,SYN-CAT-B,03-07-2021 10:00,03-07-2021 10:00,39.96,2.00,37.96,-4.56,9.99,4,0,2,Shipped,COMPLETE,First Class,Corporate,SYN-Land,East,Atlas,SYN-DEPT-01,Synthetic Gadgets,Syn Gadget Beta,SYNTHETIC - NOT REAL OPERATIONS
SYN-ORDER-28,SYN-ITEM-072,SYN-CUST-12,SYN-PROD-04,SYN-CAT-B,04-12-2021 10:00,04-15-2021 09:00,39.96,0.00,39.96,5.99,9.99,4,3,3,Shipped,COMPLETE,Same Day,Home Office,SYN-Land,North,Beacon,SYN-DEPT-01,Synthetic Gadgets,Syn Gadget Beta,SYNTHETIC - NOT REAL OPERATIONS
SYN-ORDER-28,SYN-ITEM-073,SYN-CUST-12,SYN-PROD-05,SYN-CAT-C,04-12-2021 10:00,04-15-2021 09:00,34.00,1.70,32.30,2.58,34.00,1,3,3,Shipped,COMPLETE,Same Day,Home Office,SYN-Land,North,Beacon,SYN-DEPT-02,Synthetic Tools,Syn Tool Alpha,SYNTHETIC - NOT REAL OPERATIONS
SYN-ORDER-28,SYN-ITEM-074,SYN-CUST-12,SYN-PROD-06,SYN-CAT-C,04-12-2021 10:00,04-15-2021 09:00,39.90,2.00,37.90,-1.90,19.95,2,3,3,Shipped,COMPLETE,Same Day,Home Office,SYN-Land,North,Beacon,SYN-DEPT-02,Synthetic Tools,Syn Tool Beta,SYNTHETIC - NOT REAL OPERATIONS
SYN-ORDER-29,SYN-ITEM-075,SYN-CUST-13,SYN-PROD-05,SYN-CAT-C,05-17-2021 10:00,05-21-2021 09:00,34.00,0.00,34.00,7.48,34.00,1,4,2,Shipped,COMPLETE,Standard Class,Consumer,SYN-Land,South,Atlas,SYN-DEPT-02,Synthetic Tools,Syn Tool Alpha,SYNTHETIC - NOT REAL OPERATIONS
SYN-ORDER-29,SYN-ITEM-076,SYN-CUST-13,SYN-PROD-06,SYN-CAT-C,05-17-2021 10:00,05-21-2021 09:00,39.90,2.00,37.90,1.14,19.95,2,4,2,Shipped,COMPLETE,Standard Class,Consumer,SYN-Land,South,Atlas,SYN-DEPT-02,Synthetic Tools,Syn Tool Beta,SYNTHETIC - NOT REAL OPERATIONS
SYN-ORDER-29,SYN-ITEM-077,SYN-CUST-13,SYN-PROD-07,SYN-CAT-A,05-17-2021 10:00,05-21-2021 09:00,178.50,8.93,169.57,-20.35,59.50,3,4,2,Shipped,COMPLETE,Standard Class,Consumer,SYN-Land,South,Atlas,SYN-DEPT-02,Synthetic Widgets,Syn Widget Gamma,SYNTHETIC - NOT REAL OPERATIONS
SYN-ORDER-30,SYN-ITEM-078,SYN-CUST-14,SYN-PROD-06,SYN-CAT-C,06-22-2021 10:00,06-22-2021 10:00,39.90,0.00,39.90,5.98,19.95,2,0,2,Shipped,COMPLETE,Second Class,Corporate,SYN-Land,East,Beacon,SYN-DEPT-02,Synthetic Tools,Syn Tool Beta,SYNTHETIC - NOT REAL OPERATIONS
SYN-ORDER-30,SYN-ITEM-079,SYN-CUST-14,SYN-PROD-07,SYN-CAT-A,06-22-2021 10:00,06-22-2021 10:00,178.50,8.93,169.57,13.57,59.50,3,0,2,Shipped,COMPLETE,Second Class,Corporate,SYN-Land,East,Beacon,SYN-DEPT-02,Synthetic Widgets,Syn Widget Gamma,SYNTHETIC - NOT REAL OPERATIONS
SYN-ORDER-30,SYN-ITEM-080,SYN-CUST-14,SYN-PROD-08,SYN-CAT-C,06-22-2021 10:00,06-22-2021 10:00,51.00,2.55,48.45,-2.42,12.75,4,0,2,Shipped,COMPLETE,Second Class,Corporate,SYN-Land,East,Beacon,SYN-DEPT-02,Synthetic Tools,Syn Tool Gamma,SYNTHETIC - NOT REAL OPERATIONS
SYN-ORDER-31,SYN-ITEM-081,SYN-CUST-15,SYN-PROD-07,SYN-CAT-A,01-02-2021 10:00,01-07-2021 09:00,178.50,0.00,178.50,39.27,59.50,3,5,3,Shipped,COMPLETE,First Class,Home Office,SYN-Land,North,Atlas,SYN-DEPT-02,Synthetic Widgets,Syn Widget Gamma,SYNTHETIC - NOT REAL OPERATIONS
SYN-ORDER-31,SYN-ITEM-082,SYN-CUST-15,SYN-PROD-08,SYN-CAT-C,01-02-2021 10:00,01-07-2021 09:00,51.00,2.55,48.45,1.45,12.75,4,5,3,Shipped,COMPLETE,First Class,Home Office,SYN-Land,North,Atlas,SYN-DEPT-02,Synthetic Tools,Syn Tool Gamma,SYNTHETIC - NOT REAL OPERATIONS
SYN-ORDER-32,SYN-ITEM-083,SYN-CUST-16,SYN-PROD-08,SYN-CAT-C,02-07-2021 10:00,02-08-2021 09:00,51.00,2.55,48.45,-5.81,12.75,4,1,3,Shipped,COMPLETE,Same Day,Consumer,SYN-Land,South,Beacon,SYN-DEPT-02,Synthetic Tools,Syn Tool Gamma,SYNTHETIC - NOT REAL OPERATIONS
SYN-ORDER-32,SYN-ITEM-084,SYN-CUST-16,SYN-PROD-01,SYN-CAT-A,02-07-2021 10:00,02-08-2021 09:00,24.99,0.00,24.99,3.75,24.99,1,1,3,Shipped,COMPLETE,Same Day,Consumer,SYN-Land,South,Beacon,SYN-DEPT-01,Synthetic Widgets,Syn Widget Alpha,SYNTHETIC - NOT REAL OPERATIONS
SYN-ORDER-32,SYN-ITEM-085,SYN-CUST-16,SYN-PROD-02,SYN-CAT-A,02-07-2021 10:00,02-08-2021 09:00,29.00,1.45,27.55,2.20,14.50,2,1,3,Shipped,COMPLETE,Same Day,Consumer,SYN-Land,South,Beacon,SYN-DEPT-01,Synthetic Widgets,Syn Widget Beta,SYNTHETIC - NOT REAL OPERATIONS
SYN-ORDER-33,SYN-ITEM-086,SYN-CUST-01,SYN-PROD-01,SYN-CAT-A,03-12-2021 10:00,03-16-2021 09:00,24.99,1.25,23.74,-1.19,24.99,1,4,4,Shipped,COMPLETE,Standard Class,Consumer,SYN-Land,East,Atlas,SYN-DEPT-01,Synthetic Widgets,Syn Widget Alpha,SYNTHETIC - NOT REAL OPERATIONS
SYN-ORDER-33,SYN-ITEM-087,SYN-CUST-01,SYN-PROD-02,SYN-CAT-A,03-12-2021 10:00,03-16-2021 09:00,29.00,0.00,29.00,6.38,14.50,2,4,4,Shipped,COMPLETE,Standard Class,Consumer,SYN-Land,East,Atlas,SYN-DEPT-01,Synthetic Widgets,Syn Widget Beta,SYNTHETIC - NOT REAL OPERATIONS
SYN-ORDER-34,SYN-ITEM-088,SYN-CUST-02,SYN-PROD-02,SYN-CAT-A,04-17-2021 10:00,04-22-2021 09:00,29.00,1.45,27.55,0.83,14.50,2,5,3,Shipped,COMPLETE,Second Class,Corporate,SYN-Land,North,Beacon,SYN-DEPT-01,Synthetic Widgets,Syn Widget Beta,SYNTHETIC - NOT REAL OPERATIONS
SYN-ORDER-34,SYN-ITEM-089,SYN-CUST-02,SYN-PROD-03,SYN-CAT-B,04-17-2021 10:00,04-22-2021 09:00,149.97,7.50,142.47,-17.10,49.99,3,5,3,Shipped,COMPLETE,Second Class,Corporate,SYN-Land,North,Beacon,SYN-DEPT-01,Synthetic Gadgets,Syn Gadget Alpha,SYNTHETIC - NOT REAL OPERATIONS
SYN-ORDER-34,SYN-ITEM-090,SYN-CUST-02,SYN-PROD-04,SYN-CAT-B,04-17-2021 10:00,04-22-2021 09:00,39.96,0.00,39.96,5.99,9.99,4,5,3,Shipped,COMPLETE,Second Class,Corporate,SYN-Land,North,Beacon,SYN-DEPT-01,Synthetic Gadgets,Syn Gadget Beta,SYNTHETIC - NOT REAL OPERATIONS
SYN-ORDER-35,SYN-ITEM-091,SYN-CUST-03,SYN-PROD-03,SYN-CAT-B,05-22-2021 10:00,05-23-2021 09:00,149.97,7.50,142.47,11.40,49.99,3,1,3,Shipped,COMPLETE,First Class,Home Office,SYN-Land,South,Atlas,SYN-DEPT-01,Synthetic Gadgets,Syn Gadget Alpha,SYNTHETIC - NOT REAL OPERATIONS
SYN-ORDER-35,SYN-ITEM-092,SYN-CUST-03,SYN-PROD-04,SYN-CAT-B,05-22-2021 10:00,05-23-2021 09:00,39.96,2.00,37.96,-1.90,9.99,4,1,3,Shipped,COMPLETE,First Class,Home Office,SYN-Land,South,Atlas,SYN-DEPT-01,Synthetic Gadgets,Syn Gadget Beta,SYNTHETIC - NOT REAL OPERATIONS
SYN-ORDER-36,SYN-ITEM-093,SYN-CUST-04,SYN-PROD-04,SYN-CAT-B,06-02-2021 10:00,06-09-2021 09:00,39.96,0.00,39.96,8.79,9.99,4,7,4,Shipped,COMPLETE,Same Day,Consumer,SYN-Land,East,Beacon,SYN-DEPT-01,Synthetic Gadgets,Syn Gadget Beta,SYNTHETIC - NOT REAL OPERATIONS
SYN-ORDER-36,SYN-ITEM-094,SYN-CUST-04,SYN-PROD-05,SYN-CAT-C,06-02-2021 10:00,06-09-2021 09:00,34.00,1.70,32.30,0.97,34.00,1,7,4,Shipped,COMPLETE,Same Day,Consumer,SYN-Land,East,Beacon,SYN-DEPT-02,Synthetic Tools,Syn Tool Alpha,SYNTHETIC - NOT REAL OPERATIONS
SYN-ORDER-36,SYN-ITEM-095,SYN-CUST-04,SYN-PROD-06,SYN-CAT-C,06-02-2021 10:00,06-09-2021 09:00,39.90,2.00,37.90,-4.55,19.95,2,7,4,Shipped,COMPLETE,Same Day,Consumer,SYN-Land,East,Beacon,SYN-DEPT-02,Synthetic Tools,Syn Tool Beta,SYNTHETIC - NOT REAL OPERATIONS
SYN-ORDER-36,SYN-ITEM-096,SYN-CUST-04,SYN-PROD-07,SYN-CAT-A,06-02-2021 10:00,06-09-2021 09:00,178.50,0.00,178.50,26.77,59.50,3,7,4,Shipped,COMPLETE,Same Day,Consumer,SYN-Land,East,Beacon,SYN-DEPT-02,Synthetic Widgets,Syn Widget Gamma,SYNTHETIC - NOT REAL OPERATIONS
SYN-ORDER-37,SYN-ITEM-097,SYN-CUST-05,SYN-PROD-05,SYN-CAT-C,01-07-2021 10:00,01-09-2021 09:00,34.00,1.70,32.30,2.58,34.00,1,2,4,Shipped,COMPLETE,Standard Class,Corporate,SYN-Land,North,Atlas,SYN-DEPT-02,Synthetic Tools,Syn Tool Alpha,SYNTHETIC - NOT REAL OPERATIONS
SYN-ORDER-37,SYN-ITEM-098,SYN-CUST-05,SYN-PROD-06,SYN-CAT-C,01-07-2021 10:00,01-09-2021 09:00,39.90,2.00,37.90,-1.90,19.95,2,2,4,Shipped,COMPLETE,Standard Class,Corporate,SYN-Land,North,Atlas,SYN-DEPT-02,Synthetic Tools,Syn Tool Beta,SYNTHETIC - NOT REAL OPERATIONS
SYN-ORDER-38,SYN-ITEM-099,SYN-CUST-06,SYN-PROD-06,SYN-CAT-C,02-12-2021 10:00,02-14-2021 09:00,39.90,0.00,39.90,8.78,19.95,2,2,2,Shipped,COMPLETE,Second Class,Home Office,SYN-Land,South,Beacon,SYN-DEPT-02,Synthetic Tools,Syn Tool Beta,SYNTHETIC - NOT REAL OPERATIONS
SYN-ORDER-38,SYN-ITEM-100,SYN-CUST-06,SYN-PROD-07,SYN-CAT-A,02-12-2021 10:00,02-14-2021 09:00,178.50,8.93,169.57,5.09,59.50,3,2,2,Shipped,COMPLETE,Second Class,Home Office,SYN-Land,South,Beacon,SYN-DEPT-02,Synthetic Widgets,Syn Widget Gamma,SYNTHETIC - NOT REAL OPERATIONS
SYN-ORDER-38,SYN-ITEM-101,SYN-CUST-06,SYN-PROD-08,SYN-CAT-C,02-12-2021 10:00,02-14-2021 09:00,51.00,2.55,48.45,-5.81,12.75,4,2,2,Shipped,COMPLETE,Second Class,Home Office,SYN-Land,South,Beacon,SYN-DEPT-02,Synthetic Tools,Syn Tool Gamma,SYNTHETIC - NOT REAL OPERATIONS
SYN-ORDER-39,SYN-ITEM-102,SYN-CUST-07,SYN-PROD-07,SYN-CAT-A,03-17-2021 10:00,03-24-2021 09:00,178.50,0.00,178.50,26.77,59.50,3,7,4,Shipped,COMPLETE,First Class,Consumer,SYN-Land,East,Atlas,SYN-DEPT-02,Synthetic Widgets,Syn Widget Gamma,SYNTHETIC - NOT REAL OPERATIONS
SYN-ORDER-39,SYN-ITEM-103,SYN-CUST-07,SYN-PROD-08,SYN-CAT-C,03-17-2021 10:00,03-24-2021 09:00,51.00,2.55,48.45,3.88,12.75,4,7,4,Shipped,COMPLETE,First Class,Consumer,SYN-Land,East,Atlas,SYN-DEPT-02,Synthetic Tools,Syn Tool Gamma,SYNTHETIC - NOT REAL OPERATIONS
SYN-ORDER-40,SYN-ITEM-104,SYN-CUST-08,SYN-PROD-08,SYN-CAT-C,04-22-2021 10:00,04-24-2021 09:00,51.00,2.55,48.45,-2.42,12.75,4,2,4,Shipped,COMPLETE,Same Day,Corporate,SYN-Land,North,Beacon,SYN-DEPT-02,Synthetic Tools,Syn Tool Gamma,SYNTHETIC - NOT REAL OPERATIONS
SYN-ORDER-40,SYN-ITEM-105,SYN-CUST-08,SYN-PROD-01,SYN-CAT-A,04-22-2021 10:00,04-24-2021 09:00,24.99,0.00,24.99,5.50,24.99,1,2,4,Shipped,COMPLETE,Same Day,Corporate,SYN-Land,North,Beacon,SYN-DEPT-01,Synthetic Widgets,Syn Widget Alpha,SYNTHETIC - NOT REAL OPERATIONS
SYN-ORDER-40,SYN-ITEM-106,SYN-CUST-08,SYN-PROD-02,SYN-CAT-A,04-22-2021 10:00,04-24-2021 09:00,29.00,1.45,27.55,0.83,14.50,2,2,4,Shipped,COMPLETE,Same Day,Corporate,SYN-Land,North,Beacon,SYN-DEPT-01,Synthetic Widgets,Syn Widget Beta,SYNTHETIC - NOT REAL OPERATIONS
SYN-ORDER-41,SYN-ITEM-107,SYN-CUST-09,SYN-PROD-01,SYN-CAT-A,02-05-2021 10:00,02-07-2021 09:00,49.98,2.50,47.48,-5.70,24.99,2,2,2,Shipping canceled,CANCELED,Second Class,Home Office,SYN-Land,South,Atlas,SYN-DEPT-01,Synthetic Widgets,Syn Widget Alpha,SYNTHETIC - NOT REAL OPERATIONS
SYN-ORDER-42,SYN-ITEM-108,SYN-CUST-10,SYN-PROD-02,SYN-CAT-A,03-06-2021 10:00,03-08-2021 09:00,29.00,0.00,29.00,4.35,14.50,2,2,2,Shipping canceled,CANCELED,First Class,Consumer,SYN-Land,East,Beacon,SYN-DEPT-01,Synthetic Widgets,Syn Widget Beta,SYNTHETIC - NOT REAL OPERATIONS
SYN-ORDER-42,SYN-ITEM-109,SYN-CUST-10,SYN-PROD-03,SYN-CAT-B,03-06-2021 10:00,03-08-2021 09:00,99.98,5.00,94.98,7.60,49.99,2,2,2,Shipping canceled,CANCELED,First Class,Consumer,SYN-Land,East,Beacon,SYN-DEPT-01,Synthetic Gadgets,Syn Gadget Alpha,SYNTHETIC - NOT REAL OPERATIONS
SYN-ORDER-43,SYN-ITEM-110,SYN-CUST-11,SYN-PROD-03,SYN-CAT-B,04-07-2021 10:00,04-09-2021 09:00,99.98,5.00,94.98,-4.75,49.99,2,2,2,Shipping canceled,CANCELED,Same Day,Corporate,SYN-Land,North,Atlas,SYN-DEPT-01,Synthetic Gadgets,Syn Gadget Alpha,SYNTHETIC - NOT REAL OPERATIONS
SYN-ORDER-44,SYN-ITEM-111,SYN-CUST-12,SYN-PROD-04,SYN-CAT-B,03-06-2021 10:00,03-09-2021 09:00,9.99,0.00,9.99,2.20,9.99,1,3,3,Shipping canceled,SUSPECTED_FRAUD,First Class,Home Office,SYN-Land,East,Beacon,SYN-DEPT-01,Synthetic Gadgets,Syn Gadget Beta,SYNTHETIC - NOT REAL OPERATIONS
SYN-ORDER-44,SYN-ITEM-112,SYN-CUST-12,SYN-PROD-05,SYN-CAT-C,03-06-2021 10:00,03-09-2021 09:00,34.00,1.70,32.30,0.97,34.00,1,3,3,Shipping canceled,SUSPECTED_FRAUD,First Class,Home Office,SYN-Land,East,Beacon,SYN-DEPT-02,Synthetic Tools,Syn Tool Alpha,SYNTHETIC - NOT REAL OPERATIONS
SYN-ORDER-45,SYN-ITEM-113,SYN-CUST-13,SYN-PROD-05,SYN-CAT-C,04-07-2021 10:00,04-10-2021 09:00,34.00,1.70,32.30,-3.88,34.00,1,3,3,Shipping canceled,SUSPECTED_FRAUD,Same Day,Consumer,SYN-Land,North,Atlas,SYN-DEPT-02,Synthetic Tools,Syn Tool Alpha,SYNTHETIC - NOT REAL OPERATIONS
SYN-ORDER-46,SYN-ITEM-114,SYN-CUST-14,SYN-PROD-06,SYN-CAT-C,05-08-2021 10:00,05-11-2021 09:00,19.95,0.00,19.95,2.99,19.95,1,3,3,Shipping canceled,SUSPECTED_FRAUD,Standard Class,Corporate,SYN-Land,South,Beacon,SYN-DEPT-02,Synthetic Tools,Syn Tool Beta,SYNTHETIC - NOT REAL OPERATIONS
SYN-ORDER-46,SYN-ITEM-115,SYN-CUST-14,SYN-PROD-07,SYN-CAT-A,05-08-2021 10:00,05-11-2021 09:00,59.50,2.98,56.52,4.52,59.50,1,3,3,Shipping canceled,SUSPECTED_FRAUD,Standard Class,Corporate,SYN-Land,South,Beacon,SYN-DEPT-02,Synthetic Widgets,Syn Widget Gamma,SYNTHETIC - NOT REAL OPERATIONS
SYN-ORDER-47,SYN-ITEM-116,SYN-CUST-09,SYN-PROD-01,SYN-CAT-A,04-12-2021 10:00,04-17-2021 09:00,49.98,2.50,47.48,-2.37,24.99,2,5,3,Shipped,AWAITING_STOCK,Second Class,Home Office,SYN-Land,South,Atlas,SYN-DEPT-01,Synthetic Widgets,Syn Widget Alpha,SYNTHETIC - NOT REAL OPERATIONS
SYN-ORDER-47,SYN-ITEM-117,SYN-CUST-09,SYN-PROD-02,SYN-CAT-A,04-12-2021 10:00,04-17-2021 09:00,29.00,0.00,29.00,6.38,14.50,2,5,3,Shipped,AWAITING_STOCK,Second Class,Home Office,SYN-Land,South,Atlas,SYN-DEPT-01,Synthetic Widgets,Syn Widget Beta,SYNTHETIC - NOT REAL OPERATIONS
SYN-ORDER-48,SYN-ITEM-118,SYN-CUST-04,SYN-PROD-05,SYN-CAT-C,05-09-2021 10:00,05-13-2021 09:00,102.00,5.10,96.90,2.91,34.00,3,4,2,Shipped,COMPLETE,First Class,Consumer,SYN-Land, North ,Beacon,SYN-DEPT-02,Synthetic Tools,Syn Tool Alpha,SYNTHETIC - NOT REAL OPERATIONS
SYN-ORDER-48,SYN-ITEM-119,SYN-CUST-04,SYN-PROD-06,SYN-CAT-C,05-09-2021 10:00,05-13-2021 09:00,59.85,2.99,56.86,-6.82,19.95,3,4,2,Shipped,COMPLETE,First Class,Consumer,SYN-Land, North ,Beacon,SYN-DEPT-02,Synthetic Tools,Syn Tool Beta,SYNTHETIC - NOT REAL OPERATIONS
SYN-ORDER-49,SYN-ITEM-120,SYN-CUST-12,SYN-PROD-03,SYN-CAT-B,03-14-2021 10:00,03-18-2021 09:00,110.00,10.00,100.00,-150.00,49.99,2,4,2,Shipped,COMPLETE,First Class,Home Office,SYN-Land,East,Atlas,SYN-DEPT-01,Synthetic Gadgets,Syn Gadget Alpha,SYNTHETIC - NOT REAL OPERATIONS
SYN-ORDER-50,SYN-ITEM-121,SYN-CUST-07,SYN-PROD-06,SYN-CAT-C,06-11-2021 10:00,06-12-2021 09:00,100.00,10.00,50.00,5.00,19.95,1,1,3,Shipped,COMPLETE,Standard Class,Consumer,SYN-Land,North,Beacon,SYN-DEPT-02,Synthetic Tools,Syn Tool Beta,SYNTHETIC - NOT REAL OPERATIONS
